id,age
9_1_2_20161219204347420.jpg.chip.jpg,9
1_1_2_20161219154612988.jpg.chip.jpg,1
16_0_0_20170104003740977.jpg.chip.jpg,16
26_1_1_20170103181931657.jpg.chip.jpg,26
2_0_2_20161219141650121.jpg.chip.jpg,2
53_1_0_20170110143534851.jpg.chip.jpg,53
36_1_4_20170104172843788.jpg.chip.jpg,36
37_0_0_20170104205628245.jpg.chip.jpg,37
10_0_1_20170110223848885.jpg.chip.jpg,10
52_0_0_20170104212337021.jpg.chip.jpg,52
18_1_0_20170109212830216.jpg.chip.jpg,18
34_1_3_20170104235537715.jpg.chip.jpg,34
30_0_0_20170104000150443.jpg.chip.jpg,30
75_1_3_20170110175327928.jpg.chip.jpg,75
24_1_2_20170104020224692.jpg.chip.jpg,24
86_1_0_20170110180113129.jpg.chip.jpg,86
3_0_3_20161219225157056.jpg.chip.jpg,3
54_1_0_20170110141340224.jpg.chip.jpg,54
60_1_0_20170110141610416.jpg.chip.jpg,60
59_0_0_20170111203940975.jpg.chip.jpg,59
41_1_0_20170104185117127.jpg.chip.jpg,41
5_1_3_20161220221527498.jpg.chip.jpg,5
45_0_0_20170104205911974.jpg.chip.jpg,45
35_0_3_20170109132951262.jpg.chip.jpg,35
8_1_0_20170109203617429.jpg.chip.jpg,8
56_1_3_20170109132208103.jpg.chip.jpg,56
4_0_0_20170110224413618.jpg.chip.jpg,4
15_1_4_20170103214742821.jpg.chip.jpg,15
96_1_1_20170110183853718.jpg.chip.jpg,96
44_0_0_20170105173313757.jpg.chip.jpg,44
23_1_3_20170104223200053.jpg.chip.jpg,23
61_1_0_20170109142140107.jpg.chip.jpg,61
12_1_0_20170109203628860.jpg.chip.jpg,12
40_0_4_20170104001839285.jpg.chip.jpg,40
25_1_4_20170103230304689.jpg.chip.jpg,25
19_1_0_20170104011946801.jpg.chip.jpg,19
38_1_0_20170109221205343.jpg.chip.jpg,38
71_0_0_20170109015622110.jpg.chip.jpg,71
49_1_0_20170110154336582.jpg.chip.jpg,49
89_0_3_20170105175600694.jpg.chip.jpg,89
21_1_4_20170103230521217.jpg.chip.jpg,21
22_1_4_20170103223356448.jpg.chip.jpg,22
68_1_0_20170110122503348.jpg.chip.jpg,68
27_1_4_20170103234931350.jpg.chip.jpg,27
33_1_3_20170104235051234.jpg.chip.jpg,33
80_0_0_20170111205541652.jpg.chip.jpg,80
57_0_0_20170103183943554.jpg.chip.jpg,57
7_1_2_20161219190156114.jpg.chip.jpg,7
69_1_0_20170110141304032.jpg.chip.jpg,69
55_0_0_20170104212750765.jpg.chip.jpg,55
85_1_0_20170110183711497.jpg.chip.jpg,85
39_0_0_20170109004718122.jpg.chip.jpg,39
32_0_3_20170104201821698.jpg.chip.jpg,32
58_0_0_20170105173550604.jpg.chip.jpg,58
17_1_4_20170102234911226.jpg.chip.jpg,17
29_1_0_20170103181157688.jpg.chip.jpg,29
90_0_1_20170111223916765.jpg.chip.jpg,90
13_1_0_20170110224453650.jpg.chip.jpg,13
48_0_4_20170104211610652.jpg.chip.jpg,48
51_0_0_20170104210526204.jpg.chip.jpg,51
46_1_0_20170110154306423.jpg.chip.jpg,46
65_0_0_20170103183632050.jpg.chip.jpg,65
20_0_0_20170104230054071.jpg.chip.jpg,20
79_0_0_20170111222200062.jpg.chip.jpg,79
31_1_0_20170103180729440.jpg.chip.jpg,31
83_1_0_20170110160644142.jpg.chip.jpg,83
11_1_0_20170109205136852.jpg.chip.jpg,11
50_1_0_20170104213643230.jpg.chip.jpg,50
28_0_0_20170105164905292.jpg.chip.jpg,28
87_0_0_20170111222120006.jpg.chip.jpg,87
77_1_2_20170110175320274.jpg.chip.jpg,77
63_0_0_20170111171747613.jpg.chip.jpg,63
67_0_0_20170109002521701.jpg.chip.jpg,67
14_1_0_20170103163023120.jpg.chip.jpg,14
62_1_3_20170109133411698.jpg.chip.jpg,62
6_0_0_20170110215331722.jpg.chip.jpg,6
47_0_0_20170109012320435.jpg.chip.jpg,47
42_0_2_20170104205142164.jpg.chip.jpg,42
76_1_0_20170110180413588.jpg.chip.jpg,76
74_1_2_20170105174904109.jpg.chip.jpg,74
92_1_0_20170110133307879.jpg.chip.jpg,92
66_1_0_20170110141430168.jpg.chip.jpg,66
73_1_0_20170110125254674.jpg.chip.jpg,73
78_0_0_20170111222508641.jpg.chip.jpg,78
64_0_0_20170111204901624.jpg.chip.jpg,64
43_0_0_20170103183348314.jpg.chip.jpg,43
70_1_0_20170110143426723.jpg.chip.jpg,70
72_0_0_20170111210705162.jpg.chip.jpg,72
82_0_0_20170111223913094.jpg.chip.jpg,82
88_1_3_20170110182157752.jpg.chip.jpg,88
84_1_0_20170110181735987.jpg.chip.jpg,84
81_0_0_20170111211419693.jpg.chip.jpg,81
93_1_0_20170110182437844.jpg.chip.jpg,93
95_1_0_20170110182409918.jpg.chip.jpg,95
110_1_1_20170110155201038.jpg.chip.jpg,110
101_1_2_20170105174739309.jpg.chip.jpg,101
100_1_2_20170105174847679.jpg.chip.jpg,100
99_1_2_20170110182418864.jpg.chip.jpg,99
91_1_2_20170105174644734.jpg.chip.jpg,91
